X,Y,Z,cube error,X cube error,Y cube error,Z cube error,,X estimated,Y estimated,Z estimated,,u,v,pixel error,u pixel error,v pixel error,,u estimated,v estimated
30.1,0.0,0.0,1.9085270201432407,0.17453573325621363,1.9005295747326727,0.0, ,30.274535733256215,-1.9005295747326727,0.0, ,1484.74733617226,319.6593498953307,10.911456410701822,[-0.89144905],[-10.87498044], ,1485.6387852205803,330.53433033654966
60.2,0.0,0.0,3.4051846976288958,1.1909888571563698,3.1901141620787428,0.0, ,61.39098885715637,-3.1901141620787428,0.0, ,1366.0860243032182,391.51663311535435,15.45607122159886,[-4.32129958],[-14.83969365], ,1370.4073238838776,406.35632676250657
90.3,0.0,0.0,5.190710420601121,2.9648240716438607,4.260668127739848,0.0, ,93.26482407164386,-4.260668127739848,0.0, ,1262.9115438068643,455.27577118092904,18.265146774835376,[-8.96388744],[-15.91428002], ,1271.8754312479596,471.1900512039038
120.3,0.0,0.0,7.703387265152231,5.416174017873189,5.477885939395321,0.0, ,125.71617401787319,-5.477885939395321,0.0, ,1172.9007398880458,510.2964368793927,21.876778374068742,[-14.02148569],[-16.7925987], ,1186.9222255808957,527.0890355762391
150.4,0.0,0.0,10.448480604152275,8.253077931485706,6.407608882584043,0.0, ,158.6530779314857,-6.407608882584043,0.0, ,1093.9174242622944,559.9274881255866,24.594302229865995,[-18.54181421],[-16.15799579], ,1112.4592384746024,576.085483913748
180.5,0.0,0.0,14.883332847102265,12.256290025919327,8.443752213215618,0.0, ,192.75629002591933,-8.443752213215618,0.0, ,1022.8026089622314,600.18418565273,30.69695277483779,[-24.05975658],[-19.06386695], ,1046.8623655378615,619.2480526052149
30.1,30.1,0.0,3.056028812886203,0.19866667844699037,3.049564502689769,0.0, ,29.90133332155301,27.050435497310232,0.0, ,1488.8846193659306,493.4442821551404,19.085981890872063,[0.56025356],[-19.07775722], ,1488.3243658017866,512.5220393787388
60.2,30.1,0.0,4.642069109983613,2.1859614866227304,4.095165198238796,0.0, ,62.38596148662273,26.004834801761206,0.0, ,1363.7811971829244,555.9081126753285,20.44544274874968,[-7.92275238],[-18.847974], ,1371.7039495633517,574.7560866754919
90.3,30.1,0.0,6.519218622674826,4.338824188643301,4.865677353696405,0.0, ,94.6388241886433,25.234322646303596,0.0, ,1258.9582569249437,609.6345995340846,22.5161227288934,[-13.18613833],[-18.25106952], ,1272.14439525889,627.8856690528997
120.3,30.1,0.0,9.292118184966709,7.413813480639206,5.6016810010640015,0.0, ,127.7138134806392,24.498318998936,0.0, ,1167.1281134003057,656.9619533870965,25.497874675915842,[-19.29518423],[-16.66845759], ,1186.4232976314818,673.630410978418
150.4,30.1,0.0,11.541170443618553,9.793912700646985,6.105562154360577,0.0, ,160.193912700647,23.994437845639425,0.0, ,1089.235323610025,698.0873265037852,27.080293600237272,[-22.14171606],[-15.59123829], ,1111.3770396702998,713.6785647926839
180.5,30.1,0.0,14.756061581471311,13.19050826427383,6.614517754628629,0.0, ,193.69050826427383,23.485482245371372,0.0, ,1019.2010540915419,735.1084178137294,29.560377746918302,[-26.13467564],[-13.81284409], ,1045.3357297294676,748.9212619032322
30.1,60.2,0.0,3.0244805397508148,0.43573119417640527,2.992928475883275,0.0, ,30.535731194176407,57.20707152411673,0.0, ,1488.942276611274,680.6805692893784,18.03670297167388,[-2.12790113],[-17.91074233], ,1491.0701777410818,698.5913116210114
60.2,60.2,0.0,4.209775393021265,2.372774278394374,3.477377040741686,0.0, ,62.57277427839438,56.72262295925832,0.0, ,1364.374241996082,730.1783489219276,18.589861851981915,[-8.65309487],[-16.45317334], ,1373.027336862511,746.631522260477
90.3,60.2,0.0,5.9848436757230425,4.760208423707795,3.6275018381392243,0.0, ,95.06020842370779,56.57249816186078,0.0, ,1257.8362747826734,774.3147713657802,19.710824367617285,[-14.58222581],[-13.26179805], ,1272.418500595472,787.5765694186689
120.3,60.2,0.0,9.105128513313199,7.918942328453298,4.493742053409349,0.0, ,128.2189423284533,55.706257946590654,0.0, ,1165.1274093101536,809.2342538239886,24.812429328311843,[-20.78807704],[-13.54667864], ,1185.915486348591,822.7809324655029
150.4,60.2,0.0,11.870806925520782,10.975874166053217,4.521752243761014,0.0, ,161.37587416605322,55.67824775623899,0.0, ,1085.2556045547965,843.1348768819006,27.107626380904538,[-25.02120798],[-10.42892895], ,1110.2768125395273,853.563805829379
180.5,60.2,0.0,15.68943664226587,14.839763106899738,5.093118208207258,0.0, ,195.33976310689974,55.106881791792745,0.0, ,1014.1723518351887,870.9988229511775,31.13785849456472,[-29.61284766],[-9.62525246], ,1043.78519949848,880.6240754101125
30.1,90.3,0.0,1.8858690392947535,0.3985617439258462,1.8432717026117729,0.0, ,30.498561743925848,88.45672829738822,0.0, ,1491.9868844974587,877.5950588590359,11.443344398900157,[-1.8913858],[-11.28595547], ,1493.8782702934727,888.881014326008
60.2,90.3,0.0,3.950203692137396,3.182364651843173,2.340227431698679,0.0, ,63.382364651843176,87.95977256830132,0.0, ,1362.764125128998,911.6332748355957,15.628855546381024,[-11.61419781],[-10.45808467], ,1374.3783229375813,922.0913595050151
90.3,90.3,0.0,6.078899174705676,5.609423043438923,2.342517512415597,0.0, ,95.90942304343892,87.9574824875844,0.0, ,1255.393085075284,942.5473011627118,18.982366529980002,[-17.30481102],[-7.80216345], ,1272.6978960971742,950.3494646174963
120.3,90.3,0.0,9.743503559671536,9.325044270537504,2.8247851192343063,0.0, ,129.6250442705375,87.47521488076569,0.0, ,1160.7397904861139,967.4146364092303,25.687368053793016,[-24.65876187],[-7.1962727], ,1185.3985523516285,974.610909110488
150.4,90.3,0.0,12.201748126233074,11.871047894599286,2.821503007292776,0.0, ,162.2710478945993,87.47849699270722,0.0, ,1081.866956669654,990.3129139272443,27.837087149845715,[-27.29114613],[-5.48605177], ,1109.1581027980797,995.798965693772
180.5,90.3,0.0,16.43552330497045,16.149163604143666,3.0546589326516056,0.0, ,196.64916360414367,87.24534106734839,0.0, ,1009.7295975090966,1010.2344437700965,32.74720872362281,[-32.48061193],[-4.17007529], ,1042.2102094381546,1014.4045190574808
30.1,120.4,0.0,0.09394018390411384,0.05523224056091891,0.07598787899763693,0.0, ,30.044767759439083,120.47598787899764,0.0, ,1496.999863901401,1083.9981399858139,0.5246480874329065,[0.24907716],[0.46175338], ,1496.7507867429135,1083.5363866049202
60.2,120.4,0.0,2.957048734742607,2.9536609619157304,0.14150668428698054,0.0, ,63.15366096191573,120.25849331571303,0.0, ,1364.9320368694448,1101.9884210962757,10.850972320846559,[-10.82574336],[0.73951403], ,1375.757780229915,1101.2489070659728
90.3,120.4,0.0,5.579181583032507,5.5791123064410755,0.02780303161257791,0.0, ,95.87911230644107,120.42780303161258,0.0, ,1255.6098085916774,1118.9904051293036,17.580864967744102,[-17.37292781],[2.6959585], ,1272.9827364045736,1116.2944466314873
120.3,120.4,0.0,8.942505832999476,8.93641024605337,0.3301249573449496,0.0, ,129.23641024605337,120.06987504265506,0.0, ,1160.963110140562,1131.0184063288657,23.978703775315488,[-23.90913744],[1.82520727], ,1184.8722475812074,1129.1931990560709
150.4,120.4,0.0,12.972145877868892,12.947508880655874,0.7991135476564892,0.0, ,163.34750888065588,119.60088645234352,0.0, ,1078.0083025004576,1141.0758741904588,30.01879430884437,[-30.01213827],[0.63211413], ,1108.0204407695092,1140.4437600583285
180.5,120.4,0.0,14.078927574335902,14.058517787719268,0.7578121507185926,0.0, ,194.55851778771927,119.64218784928141,0.0, ,1011.9287355295551,1151.1646451056322,28.694107258063298,[-28.68144063],[0.85249905], ,1040.6101761611865,1150.3121460549323
30.1,150.6,0.0,1.5123325828957273,0.4162024555000343,1.4539344405177985,0.0, ,30.516202455500036,152.0539344405178,0.0, ,1497.9984845004924,1293.1273019586474,9.895836517267824,[-1.70136378],[9.74848407], ,1499.699848278884,1283.3788178882871
60.2,150.6,0.0,4.084252378219082,3.094086855286676,2.666035262506938,0.0, ,63.29408685528668,153.26603526250693,0.0, ,1365.8239875206161,1301.2311805699371,19.938461248505238,[-11.34736136],[16.3944999], ,1377.171348882334,1284.8366806664715
90.3,150.6,0.0,6.635845880892503,6.331587593283942,1.9863154592186163,0.0, ,96.63158759328394,152.5863154592186,0.0, ,1253.4050155804775,1297.4160053664953,22.87902085968923,[-19.86914113],[11.34314006], ,1273.274156707731,1286.0728653090252
120.3,150.6,0.0,8.586425039987052,8.354735351106072,1.9811845396870922,0.0, ,128.65473535110607,152.5811845396871,0.0, ,1161.7049812695534,1297.6609591146494,24.959451765978823,[-22.62953679],[10.52987642], ,1184.3345180546223,1287.1310826979275
150.4,150.6,0.0,11.629168619795843,11.549226422566306,1.36122438559579,0.0, ,161.9492264225663,151.96122438559578,0.0, ,1079.7189893601487,1294.9222267897962,27.996304972031194,[-27.14047423],[6.86933407], ,1106.859463590679,1288.0528927151645
180.5,150.6,0.0,15.885467467436884,15.829439597220414,1.3330111390930028,0.0, ,196.32943959722041,151.933011139093,0.0, ,1006.4661639066207,1295.218812856696,33.12877227241129,[-32.51288932],[6.35826866], ,1038.9790532257825,1288.860544193198
30.1,180.7,0.0,2.5939182108754886,0.8817523774388505,2.4394516657627037,0.0, ,30.981752377438852,183.1394516657627,0.0, ,1498.9961846757647,1503.4383772367248,16.61396744925672,[-3.7120948],[16.19395772], ,1502.708279473454,1487.2444195173182
60.2,180.7,0.0,4.735223850113729,3.283041414017262,3.4123282351692694,0.0, ,63.483041414017265,184.11232823516926,0.0, ,1366.4612008939716,1491.4786592007547,23.15896567400559,[-12.14941808],[19.71622001], ,1378.6106189786171,1471.7624391955342
90.3,180.7,0.0,6.528645957917832,5.592310790468005,3.368868959554817,0.0, ,95.892310790468,184.0688689595548,0.0, ,1255.8203029812512,1475.6942973643759,24.60287184916389,[-17.75009168],[17.03630091], ,1273.5703946608903,1458.6579964574657
120.3,180.7,0.0,8.254786691496928,7.590436074762934,3.2445005034754217,0.0, ,127.89043607476293,183.9445005034754,0.0, ,1162.9815866407605,1462.0184133592395,25.396154171635633,[-20.80707087],[14.56126535], ,1183.7886575098821,1447.457148010485
150.4,180.7,0.0,11.085096301724457,10.401533463109246,3.8324224237841804,0.0, ,160.80153346310925,184.53242242378417,0.0, ,1080.8806815302062,1453.4444659162327,29.370149607248617,[-24.80167443],[15.73158076], ,1105.6823559640716,1437.7128851555872
180.5,180.7,0.0,13.665715547512432,13.264108190092486,3.2886494715984043,0.0, ,193.7641081900925,183.9886494715984,0.0, ,1009.6404373318198,1440.807701883005,30.02717586817702,[-27.68658214],[11.62258405], ,1037.327019470548,1429.1851178289364
30.1,210.8,0.0,3.343699649036511,0.9010867464565919,3.2199953444573737,0.0, ,31.001086746456593,214.01999534445739,0.0, ,1502.0184993698408,1717.4295650483114,21.80387505690952,[-3.7696941],[21.47552965], ,1505.7881934657792,1695.954035394299
60.2,210.8,0.0,4.300921356523485,2.4610356792358488,3.527212483042092,0.0, ,62.66103567923585,214.3272124830421,0.0, ,1370.8929384545568,1682.782851833048,22.033785122199003,[-9.18827364],[20.02656522], ,1380.0812120917865,1662.7562866163507
90.3,210.8,0.0,6.60545192932865,4.993466794802444,4.324035679764563,0.0, ,95.29346679480244,215.12403567976457,0.0, ,1257.8464144249451,1655.7199417186619,26.426256641385187,[-16.02616525],[21.01211716], ,1273.8725796775539,1634.7078245627818
120.3,210.8,0.0,8.224476368678669,7.0136052829080455,4.2955037509607905,0.0, ,127.31360528290804,215.0955037509608,0.0, ,1163.7829359459204,1628.8207656546117,26.534678749934624,[-19.44968898],[18.04989681], ,1183.232624924401,1610.7708688404302
150.4,210.8,0.0,10.984895173817295,9.93576751558723,4.684916846215742,0.0, ,160.33576751558724,215.48491684621575,0.0, ,1080.5466522436082,1607.1186671802384,29.44413912357601,[-23.93813392],[17.14418482], ,1104.4847861634476,1589.9744823595963
180.5,210.8,0.0,12.039765042108437,11.013401287219665,4.864250646897688,0.0, ,191.51340128721966,215.6642506468977,0.0, ,1012.2799284655775,1588.4352546945343,28.687129516756656,[-23.36814644],[16.63974555], ,1035.6480749051016,1571.7955091468364
30.1,240.9,0.0,1.9917417153626094,0.6587343406502484,1.879655321904437,0.0, ,30.75873434065025,242.77965532190444,0.0, ,1506.0990044023727,1921.9365752433678,12.579693534626056,[-2.84316422],[12.25418731], ,1508.9421686229578,1909.6823879329054
60.2,240.9,0.0,3.751962204589238,2.236940676584865,3.012194680645024,0.0, ,62.43694067658487,243.91219468064503,0.0, ,1373.1200240149756,1874.0993782155838,18.230846909069335,[-8.46413799],[16.1468928], ,1381.5841620011358,1857.952485413154
90.3,240.9,0.0,4.92816424318132,3.5539826272381134,3.414089965578029,0.0, ,93.85398262723811,244.31408996557803,0.0, ,1262.6219427388294,1830.03311878852,19.5004680851882,[-11.55894992],[15.70537909], ,1274.1808926570827,1814.327739699534
120.3,240.9,0.0,6.861460505190651,5.49341844710564,4.111203476999236,0.0, ,125.79341844710564,245.01120347699924,0.0, ,1167.228986570707,1793.5856641765367,22.543769393608954,[-15.43714672],[16.42912169], ,1182.6661332920196,1777.1565424843436
150.4,240.9,0.0,8.65466530281582,7.5251200204164945,4.275020489084341,0.0, ,157.9251200204165,245.17502048908435,0.0, ,1084.8746623254542,1759.360234832741,23.391681978222337,[-18.39155363],[14.45411847], ,1103.2662159563315,1744.9061163603867
180.5,240.9,0.0,11.070056147699729,10.03577130800312,4.67219834410804,0.0, ,190.53577130800312,245.57219834410805,0.0, ,1012.4542942351751,1730.3692513246576,25.44091468116557,[-21.48726235],[13.62122229], ,1033.941556584299,1716.7480290390376
30.1,271.0,0.0,0.9545627127182313,0.6121980938992166,0.7323957033859188,0.0, ,30.712198093899218,270.2676042966141,0.0, ,1509.228274797739,2121.6536781558216,7.556382762055512,[-2.94463402],[-6.95902658], ,1512.1729088225625,2128.6127047333352
60.2,271.0,0.0,1.883183179763054,1.2617981738905684,1.3979428661103839,0.0, ,61.46179817389057,272.3979428661104,0.0, ,1378.2627453825303,2064.1159641919085,8.214913102142592,[-4.8578031],[6.62469217], ,1383.120548483549,2057.4912720249104
90.3,271.0,0.0,3.0437447596675296,2.5376734610657508,1.6806533155312309,0.0, ,92.83767346106575,272.68065331553123,0.0, ,1266.1311225779557,2003.2848671744896,10.097997034685672,[-8.36439933],[5.65741707], ,1274.4955219108517,1997.6274501037435
120.3,271.0,0.0,4.743879279552609,3.4149603656039886,3.292785495643841,0.0, ,123.71496036560399,274.29278549564384,0.0, ,1172.346336395854,1959.955441832372,16.449309349321297,[-9.74254831],[13.2537742], ,1182.0888847068177,1946.701667634876
150.4,271.0,0.0,6.081425833242566,5.33652145917236,2.916381127531679,0.0, ,155.73652145917237,273.9163811275317,0.0, ,1088.8289964163225,1910.6120912144706,15.449904829255392,[-13.19709165],[8.03345077], ,1102.026088066545,1902.5786404485373
180.5,271.0,0.0,7.0952184109632705,6.360926514930895,3.143364148634589,0.0, ,186.8609265149309,274.1433641486346,0.0, ,1018.3881914436622,1871.906448862795,15.87074983939463,[-13.81858816],[7.80559553], ,1032.2067796072542,1864.1008533294819
0.0,0.0,30.2,3.479743970483877,3.2053401566367086,0.0,1.3544048805180289, ,-3.2053401566367086,0.0,28.84559511948197, ,1760.8594735457327,308.7951628510468,16.320484159429405,[10.64001389],[-12.37531041], ,1750.219459659045,321.1704732588418
0.0,0.0,60.3,4.888431064169102,4.495291531188997,0.0,1.9207062031330935, ,-4.495291531188997,0.0,58.379293796866904, ,1874.7035196885336,374.5747445368228,21.69555109093025,[15.62763674],[-15.04905004], ,1859.07588294728,389.6237945740373
0.0,0.0,90.5,5.531829586454759,4.888955539790004,0.0,2.5882913869062065, ,-4.888955539790004,0.0,87.9117086130938, ,1969.3353568692169,433.7229776264679,22.045129266422283,[15.97729719],[-15.18926262], ,1953.3580596821653,448.9122402474743
0.0,0.0,120.7,5.7421232962464215,5.4150140782506355,0.0,1.9103932793127427, ,-5.4150140782506355,0.0,118.78960672068726, ,2056.113055562424,487.4051780548032,24.429584916914415,[20.55973731],[-13.19476491], ,2035.5533182524762,500.59994296209385
0.0,0.0,150.8,5.59724550216072,5.391195003286754,0.0,1.5047171322193265, ,-5.391195003286754,0.0,149.29528286778068, ,2128.8577262663953,534.8725712994442,23.937920713619146,[21.23678119],[-11.04640996], ,2107.620945080634,545.9189812574177
0.0,0.0,181.0,7.442971406867976,6.550448745982493,0.0,3.5340408302268713, ,-6.550448745982493,0.0,177.46595916977313, ,2193.802908378699,571.9982700863899,26.268170604166265,[22.07923445],[-14.2310995], ,2171.7236739298687,586.2293695886477
0.0,30.1,30.2,5.017562881730257,0.0,3.4703661993095594,3.6238785458134437, ,0.0,26.629633800690442,33.82387854581344, ,1769.3123609910276,490.19229194972047,19.369055762369772,[13.439718],[-13.94755538], ,1755.8726429886108,504.1398473319838
0.0,30.1,60.3,7.491335424117273,0.0,4.323902634874237,6.117513583210254, ,0.0,25.776097365125764,66.41751358321025, ,1884.810479338607,545.758962679781,23.900921820489177,[19.37551428],[-13.99440996], ,1865.4349650538297,559.7533726376724
0.0,30.1,90.5,8.902121240541637,0.0,4.411170063609923,7.732356772111217, ,0.0,25.68882993639008,98.23235677211122, ,1981.351315600387,596.0202384349434,24.247575437664885,[21.16733069],[-11.82746914], ,1960.1839849136784,607.8477075727081
0.0,30.1,120.7,11.221194861149463,0.0,4.6297706238689,10.221567300675943, ,0.0,25.4702293761311,130.92156730067595, ,2067.1175817428402,640.058668921149,26.28120044852284,[24.44058659],[-9.66225771], ,2042.676995150745,649.7209266309044
0.0,30.1,150.8,13.204516307203397,0.0,4.612768030012738,12.372615811076201, ,0.0,25.487231969987263,163.1726158110762, ,2141.0086571994434,679.0367662273286,27.103729390660604,[26.08654034],[-7.35558018], ,2114.922116855932,686.3923464076075
0.0,30.1,181.0,13.974045082372538,0.0,4.411593245009506,13.259403493550025, ,0.0,25.688406754990496,194.25940349355002, ,2203.942294714534,713.01065121476,25.53211680720671,[24.8250789],[-5.96694616], ,2179.1172158178592,718.9775973709374
0.0,60.2,30.2,5.879799516759418,0.0,3.62233341768669,4.631494679732942, ,0.0,56.57766658231331,34.83149467973294, ,1779.0496305391673,675.6998728502938,23.324869280618973,[17.39625118],[-15.53769519], ,1761.6533793609199,691.2375680429949
0.0,60.2,60.3,8.14458177623591,0.0,3.6797985384856133,7.265899464343917, ,0.0,56.52020146151439,67.56589946434391, ,1895.300626929532,721.6320133372124,26.184591009648045,[23.37383354],[-11.80240281], ,1871.9267933919834,733.4344161477214
0.0,60.2,90.5,10.048667653761402,0.0,3.88142097892586,9.268780545471174, ,0.0,56.31857902107414,99.76878054547117, ,1992.8362984508094,759.4124179524733,27.7402306482268,[25.69384543],[-10.45689741], ,1967.1424530221136,769.8693153653348
0.0,60.2,120.7,13.422271078011269,0.0,4.155873448907329,12.762682976877741, ,0.0,56.044126551092674,133.46268297687774, ,2080.73439597771,793.1517737270228,31.928322703050355,[30.80442693],[-8.39672986], ,2049.929969050629,801.5485035859773
0.0,60.2,150.8,14.304215776068029,0.0,3.837807944404787,13.779761215281525, ,0.0,56.362192055595216,164.57976121528154, ,2151.6692036991562,822.9822352996133,29.985921099192463,[29.32148996],[-6.27739521], ,2122.347713738259,829.2596305110036
0.0,60.2,181.0,16.491782852679815,0.0,3.874081178162456,16.030296213262915, ,0.0,56.32591882183755,197.03029621326291, ,2216.8483876489818,848.8204512173894,30.635826228327183,[30.21890577],[-5.03702121], ,2186.6294818778165,853.8574724289482
0.0,90.3,30.2,6.177189155863673,0.0,2.5598158644679216,5.621833207000908, ,0.0,87.74018413553208,35.82183320700091, ,1789.1321960306896,872.0093284731468,24.02845259858094,[21.56616102],[-10.5956233], ,1767.5660350117657,882.6049517765726
0.0,90.3,60.3,8.258012368955155,0.0,2.51901360994151,7.864435054010286, ,0.0,87.78098639005849,68.16443505401028, ,1904.2709645767975,902.7515343993228,26.93931472713086,[25.71539614],[-8.02776925], ,1878.5555684329604,910.7793036494282
0.0,90.3,90.5,10.053412859918758,0.0,2.3446940925089024,9.776171016534732, ,0.0,87.9553059074911,100.27617101653473, ,2001.8185111437606,929.5124675464065,28.135064479205578,[27.5811488],[-5.55536536], ,1974.237362346373,935.0678329048161
0.0,90.3,120.7,12.672395285926763,0.0,2.525978210190843,12.418093104998846, ,0.0,87.77402178980915,133.11809310499885, ,2087.7541321550007,951.2994660985222,30.82350603228231,[30.43833979],[-4.85757088], ,2057.315792363386,956.1570369783308
0.0,90.3,150.8,14.51158406023859,0.0,2.2004409856821923,14.343783719991762, ,0.0,88.0995590143178,165.14378371999177, ,2160.874233555496,972.179158856233,31.0663965551134,[30.97328985],[-2.40339566], ,2129.9009437040895,974.5825545166083
0.0,90.3,181.0,16.875038280290987,0.0,2.2676427714815333,16.72198293331965, ,0.0,88.03235722851846,197.72198293331965, ,2226.198487901117,989.091344443087,31.987489113466975,[31.93513297],[-1.82941031], ,2194.2633549329166,990.9207547545069
0.0,120.4,30.2,5.36988464443684,0.0,0.4726225511625728,5.349045617555635, ,0.0,119.92737744883743,35.549045617555635, ,1794.6995959231097,1077.8881598354212,21.09038576215506,[21.08441817],[-0.50167935], ,1773.6151777563566,1078.389839181226
0.0,120.4,60.3,7.914165752229994,0.0,0.21168577667015143,7.911334191255335, ,0.0,120.18831422332985,68.21133419125533, ,1911.8606855521434,1093.8593140192281,26.606871353223532,[26.5350158],[1.95410848], ,1885.3256697570857,1091.9052055363065
0.0,120.4,90.5,10.483091782352812,0.0,0.6049777697312351,10.465620632115616, ,0.0,119.79502223026877,100.96562063211562, ,2011.5251561166574,1103.8542750424217,30.054058669390002,[30.0523905],[0.31665073], ,1981.472765615774,1103.537624311248
0.0,120.4,120.7,12.256461202968898,0.0,0.2776654544172885,12.253315596821338, ,0.0,120.12233454558272,132.95331559682134, ,2095.514457260789,1115.9158811604286,30.76183140172209,[30.67630842],[2.29224187], ,2064.838148838898,1113.6236392899023
0.0,120.4,150.8,14.737833171209916,0.0,0.7001432779656227,14.721193089309537, ,0.0,119.69985672203438,165.52119308930955, ,2169.7879584792454,1122.976471424534,32.20755447513301,[32.20283251],[0.55149191], ,2137.58512596493,1122.4249795174305
0.0,120.4,181.0,16.636583219776256,0.0,0.674647909872192,16.622898406302255, ,0.0,119.72535209012781,197.62289840630226, ,2234.1880535678197,1131.0844313831587,32.177830880454444,[32.16624167],[0.86353761], ,2202.0218119010083,1130.2208937734315
0.0,150.6,30.2,5.405050249140266,0.0,1.4205022722260878,5.215049519451544, ,0.0,152.02050227222608,35.41504951945154, ,1800.9387501529372,1288.5100542497626,22.985932258348477,[21.11235429],[9.08964125], ,1779.8263958600357,1279.4204130029152
0.0,150.6,60.3,8.634607137552894,0.0,1.6089014808399895,8.48338826441595, ,0.0,152.20890148083998,68.78338826441595, ,1921.2661881870708,1286.8707787544593,30.4605628630877,[29.00129735],[9.31507606], ,1892.2648908378062,1277.555702694885
0.0,150.6,90.5,10.71585328480028,0.0,1.0251165399124034,10.666707444238028, ,0.0,151.6251165399124,101.16670744423803, ,2020.0208142216966,1281.2078027216337,31.583308409705428,[31.1431719],[5.25435194], ,1988.877642324729,1275.9534507826688
0.0,150.6,120.7,12.919223183770637,0.0,1.445238135267914,12.838131266054418, ,0.0,152.0452381352679,133.53813126605442, ,2105.1556503490906,1281.5928644475944,33.37711670004561,[32.62909485],[7.02666979], ,2072.5265554965454,1274.566194659418
0.0,150.6,150.8,13.470291815923733,0.0,1.23185608692242,13.413847031603353, ,0.0,151.83185608692241,164.21384703160336, ,2175.379360713848,1278.909539473021,30.459798553103905,[29.94946167],[5.55239351], ,2145.4298990465104,1273.3571459591988
0.0,150.6,181.0,15.771825430242531,0.0,0.9651590239090524,15.742266211083205, ,0.0,151.56515902390905,196.7422662110832, ,2240.8777873623135,1276.220260708198,31.19237415116315,[30.94344371],[3.93287385], ,2209.9343436544245,1272.2873868629217
0.0,180.7,30.2,5.868596145286296,0.0,3.0853784865423677,4.992079758101898, ,0.0,183.78537848654236,35.1920797581019, ,1806.912983921863,1502.3520294121267,27.353952455656565,[20.74940712],[17.82416392], ,1786.1635768067167,1484.5278654957958
0.0,180.7,60.3,7.677559605612997,0.0,2.737265491699361,7.173025799876385, ,0.0,183.43726549169935,67.47302579987638, ,1924.4033251874694,1479.8455355486678,28.3414750092691,[25.07126769],[13.21630592], ,1899.332057497721,1466.6292296302197
0.0,180.7,90.5,8.973793858394375,0.0,2.443635354799369,8.634675585436383, ,0.0,183.14363535479936,99.13467558543638, ,2022.2484673400722,1461.3805408592727,27.746485766212846,[25.84111621],[10.10466158], ,1996.4073511335275,1451.2758792828267
0.0,180.7,120.7,11.507862464583795,0.0,2.138927923582685,11.307337699100302, ,0.0,182.83892792358267,132.0073376991003, ,2109.470135876875,1444.92120089218,29.946355626022044,[29.13606376],[6.91910428], ,2080.3340721210584,1438.002096607868
0.0,180.7,150.8,13.255746533981107,0.0,2.517081076505548,13.014573332516505, ,0.0,183.21708107650554,163.81457333251652, ,2182.8631766556214,1434.4699389003931,30.548350807197952,[29.47629926],[8.02181521], ,2153.386877399617,1426.4481236937145
0.0,180.7,181.0,14.360338967489136,0.0,2.1412023537595815,14.199809426236726, ,0.0,182.84120235375957,195.19980942623673, ,2246.295332118027,1421.8913310333296,28.902171104968012,[28.34359691],[5.65473331], ,2217.9517352084818,1416.2365977230788
0.0,210.8,30.2,4.7718950526506445,0.0,2.9662896664211758,3.7379283043411426, ,0.0,213.7662896664212,33.93792830434114, ,1808.5063812209742,1710.6563761539146,22.60728037837554,[15.85408368],[16.11636302], ,1792.652297545164,1694.5400131365682
0.0,210.8,60.3,6.978928016277142,0.0,3.351993058497442,6.121239971783737, ,0.0,214.15199305849745,66.42123997178373, ,1928.3797358615166,1674.9059020633651,26.504495856090582,[21.82485543],[15.03874948], ,1906.5548804313896,1659.8671525794625
0.0,210.8,90.5,7.8938300026889765,0.0,2.9793013420957095,7.310014748571945, ,0.0,213.77930134209572,97.81001474857194, ,2026.362246947223,1641.2203924781052,24.85938146179525,[22.27151349],[11.04393651], ,2004.0907334578424,1630.176455971796
0.0,210.8,120.7,8.455395147114466,0.0,2.6070255970767846,8.043452283070579, ,0.0,213.4070255970768,128.74345228307058, ,2109.5091849513005,1612.6073479610404,22.69901748279546,[21.21914681],[8.06183623], ,2088.2900381408467,1604.5455117359202
0.0,210.8,150.8,10.51209366022752,0.0,2.4883130511956324,10.213344764603079, ,0.0,213.28831305119564,161.0133447646031, ,2184.9226947445827,1588.0606628659511,24.143342320383727,[23.43719926],[5.7964359], ,2161.4854954835337,1582.2642269612668
0.0,210.8,181.0,10.658052749544398,0.0,2.1015578883483386,10.448805809947459, ,0.0,212.90155788834835,191.44880580994746, ,2247.2611540794787,1566.4243925189826,21.5018151018216,[21.15789731],[3.8303308], ,2226.1032567675734,1562.5940617223291
0.0,240.9,30.2,2.5952949806476893,0.0,1.3822198497017837,2.1965938003339325, ,0.0,242.2822198497018,32.39659380033393, ,1808.64466805184,1915.4563115783096,11.011256993249718,[9.34660859],[5.82139919], ,1799.2980594651526,1909.6349123909447
0.0,240.9,60.3,4.326418365690272,0.0,1.8881153356611264,3.8926747043932863, ,0.0,242.78811533566113,64.19267470439328, ,1927.9149388479095,1863.6626920588915,15.311858707972197,[13.97637939],[6.25410556], ,1913.9385594603993,1857.408586502596
0.0,240.9,90.5,5.742965196063118,0.0,2.2708482686287255,5.274931031213413, ,0.0,243.17084826862873,95.77493103121341, ,2028.1797465066275,1819.383025812767,17.5430518047016,[16.24720423],[6.61717623], ,2011.9325422739507,1812.765849583881
0.0,240.9,120.7,6.286458216222512,0.0,1.7716182141420802,6.0316602861593225, ,0.0,242.6716182141421,126.73166028615933, ,2112.3748416174935,1777.1792063226308,16.23598841216312,[15.97611358],[2.89328787], ,2096.398728040148,1774.2859184552299
0.0,240.9,150.8,6.617669316302777,0.0,1.5089518796656023,6.443338529426256, ,0.0,242.4089518796656,157.24333852942627, ,2184.635021118529,1742.1933623217785,14.96330109631784,[14.90545193],[1.31448944], ,2169.7295691891113,1740.878872885197
0.0,240.9,181.0,7.276005597012306,0.0,1.08426351006338,7.194764074554456, ,0.0,241.98426351006339,188.19476407455446, ,2248.957881567533,1710.2512407877443,14.612452818230295,[14.56557887],[-1.16948255], ,2234.3923026938305,1711.4207233395398
0.0,271.0,30.2,2.0606178130414543,0.0,1.745496305087613,1.0951659327924865, ,0.0,269.2545036949124,31.295165932792486, ,1810.25742804626,2114.330805326319,16.209015999465226,[4.15079454],[-15.66853868], ,1806.1066335095861,2129.999344006912
0.0,271.0,60.3,2.157143899960527,0.0,0.9613041197184771,1.9311043976308468, ,0.0,270.0386958802815,62.231104397630844, ,1928.0135633780867,2048.7702806721295,12.471723710945513,[6.52503476],[-10.62863179], ,1921.4885286199353,2059.3989124621144
0.0,271.0,90.5,2.3135190953611278,0.0,0.6395395248822524,2.2233667715233025, ,0.0,270.36046047511775,92.7233667715233, ,2026.4336045619245,1991.1012909361878,10.350292890224953,[6.49587596],[-8.0580493], ,2019.9377286066874,1999.1593402341018
0.0,271.0,120.7,3.2932467678211146,0.0,0.7500952533670784,3.2066854202806354, ,0.0,270.2499047466329,123.90668542028064, ,2112.764157937259,1937.9132547509366,12.410467702358064,[8.09957594],[-9.403009], ,2104.6645820008157,1947.3162637502444
0.0,271.0,150.8,3.265795805829995,0.0,0.9019355163601972,3.1387791527447177, ,0.0,270.0980644836398,153.93877915274473, ,2184.9835408766035,1893.1674491389797,11.476890028549247,[6.86048816],[-9.20069057], ,2178.1230527202733,1902.368139710033
0.0,271.0,181.0,3.495452062166627,0.0,0.9933843971841725,3.3513240007996785, ,0.0,270.0066156028158,184.35132400079968, ,2249.2369473114054,1853.6817498543023,11.131825163623633,[6.41456446],[-9.09785108], ,2242.82238285635,1862.7796009371364